File name,File size,Unique columns,Mean r^2 value,Median r^2 value,Mean MSE,Median MSE,Spearman coef rho,Spearman coef rho med,Spearman coef pval,Spearman coef pval med
CHEMBL2916.csv,547,39972,0.25663722317295284,0.2649802275539612,0.6673594048451734,0.6598694112486473,0.522449271405453,0.5232270358367574,2.0028914931035917e-08,4.505408606495045e-09
CHEMBL3231.csv,1471,39972,0.3794400407955017,0.38213714489440676,0.7344203285149545,0.7312283596343067,0.567342436921644,0.5694023478531,3.7779986024596275e-25,9.46830838028327e-27
CHEMBL4630.csv,2751,39972,0.6565314808547328,0.654712340422938,0.6303428825559765,0.6336814191601613,0.7653791319386334,0.7684390832271931,3.8036690767995595e-102,1.6214344697996024e-108
CHEMBL220.csv,2564,39972,0.06970299758353986,0.05848757998446896,2.073871715910319,2.0988737714693713,0.28586562793376374,0.2754644990377993,5.904740091240612e-10,2.1938404889435823e-10
CHEMBL4792.csv,549,39972,0.35870732395123844,0.36113677544508316,1.9783380629126632,1.9708433938765435,0.6757300299504182,0.6708140824395583,1.932277701861223e-14,1.0786139918999788e-15
