File name,File size,Unique columns,Mean r^2 value,Median r^2 value,Mean MSE,Median MSE,Spearman coef rho,Spearman coef rho med,Spearman coef pval,Spearman coef pval med
CHEMBL4608.csv,627,39972,0.13743831539439294,0.13921783575033042,1.0159381703662447,1.0138422244335579,0.43202789450303225,0.4355888789031374,1.1892455206746572e-06,3.4388203618325627e-07
CHEMBL283.csv,1965,39972,0.404722153894247,0.3991685977503987,0.9111673910197661,0.9196679916982149,0.6597181653873425,0.6567111941047945,5.9206715574835496e-49,7.42959190555571e-50
CHEMBL3892.csv,889,39972,0.5911630908041573,0.5897528625241921,0.3808948185171358,0.38220866428957745,0.703979506043425,0.7018570070967072,3.517288681035928e-27,1.001002779970688e-27
CHEMBL333.csv,3582,39972,0.32505051380059624,0.3235209837261528,1.7625504023423209,1.7665445884306537,0.548956686169799,0.5549334683726947,4.176200109598355e-55,3.783826100967541e-59
CHEMBL5608.csv,743,39972,0.18485060476486853,0.16548352853035053,0.579067598384652,0.5928256240771325,0.32453215689087694,0.33138107631184355,0.00016968578948021657,3.655904981834589e-05
