File name,File size,Unique columns,Mean r^2 value,Median r^2 value,Mean MSE,Median MSE,Spearman coef rho,Spearman coef rho med,Spearman coef pval,Spearman coef pval med
CHEMBL313.csv,3456,39972,0.042663651283986456,0.044182038227008835,1.5677149859799837,1.5652285056867352,0.24498388610235938,0.24600176131405838,2.3150624026521438e-10,5.356366980020498e-11
CHEMBL4153.csv,956,39972,0.24915000193026793,0.24848787752103607,1.2614643334649558,1.2625767345153784,0.5053450818069112,0.5095746877852338,3.962096273242455e-12,4.4072411984762624e-14
CHEMBL1945.csv,842,39972,0.38842423637973555,0.39927460488869526,1.1937174431954705,1.1725389156528283,0.6127762942677478,0.6148756513351893,6.932928080776266e-16,5.947156202769328e-19
CHEMBL225.csv,2710,39972,0.048704298494290234,0.047404425341075807,1.4440213931041153,1.445994538403303,0.20784282978481522,0.1981770533353192,3.105509066268195e-06,3.3309990823396e-06
CHEMBL1952.csv,535,39972,0.19666526141091292,0.20355162813387662,1.1161841257384073,1.1066159434465705,0.4914743645246057,0.5007519020134888,1.1648925198467778e-07,3.954810495843356e-08
